report_date,day_number,day_name
"2026-08-29","1","Saturday"
"2026-08-30","2","Sunday"
"2026-08-31","3","Monday"
"2026-09-01","4","Tuesday"
"2026-09-02","5","Wednesday"
"2026-09-03","6","Thursday"
"2026-09-04","7","Friday"
"2026-09-05","8","Saturday"
"2026-09-06","9","Sunday"
"2026-09-07","10","Monday"
"2026-09-08","11","Tuesday"
"2026-09-09","12","Wednesday"
"2026-09-10","13","Thursday"
"2026-09-11","14","Friday"
"2026-09-12","15","Saturday"
"2026-09-13","16","Sunday"
"2026-09-14","17","Monday"
"2026-09-15","18","Tuesday"
"2026-09-16","19","Wednesday"
"2026-09-17","20","Thursday"
"2026-09-18","21","Friday"
"2026-09-19","22","Saturday"
"2026-09-20","23","Sunday"
"2026-09-21","24","Monday"
"2026-09-22","25","Tuesday"
"2026-09-23","26","Wednesday"
"2026-09-24","27","Thursday"
"2026-09-25","28","Friday"
"2026-09-26","29","Saturday"
"2026-09-27","30","Sunday"
