hour_start,snapshot_time,report_date,hour_of_day,arrivals,departures,active_patients,patients_waiting,average_elapsed_wait_minutes,occupied_beds,staffed_beds,high_acuity_waiting_over_15,synthetic
"2026-08-29 00:00:00","2026-08-29 01:00:00","2026-08-29","0","2","0","2","1","12","1","44","0","1"
"2026-08-29 01:00:00","2026-08-29 02:00:00","2026-08-29","1","2","0","4","2","13.5","2","44","0","1"
"2026-08-29 02:00:00","2026-08-29 03:00:00","2026-08-29","2","3","2","5","1","32","4","44","0","1"
"2026-08-29 03:00:00","2026-08-29 04:00:00","2026-08-29","3","2","0","7","2","71","6","44","0","1"
"2026-08-29 04:00:00","2026-08-29 05:00:00","2026-08-29","4","1","2","6","2","183","6","44","0","1"
"2026-08-29 05:00:00","2026-08-29 06:00:00","2026-08-29","5","3","5","4","4","64.75","1","44","0","1"
"2026-08-29 06:00:00","2026-08-29 07:00:00","2026-08-29","6","3","0","7","2","149","6","44","0","1"
"2026-08-29 07:00:00","2026-08-29 08:00:00","2026-08-29","7","3","1","9","3","50","7","44","0","1"
"2026-08-29 08:00:00","2026-08-29 09:00:00","2026-08-29","8","4","6","7","4","17","3","44","0","1"
"2026-08-29 09:00:00","2026-08-29 10:00:00","2026-08-29","9","6","3","10","3","13","7","44","0","1"
"2026-08-29 10:00:00","2026-08-29 11:00:00","2026-08-29","10","6","3","13","5","16.6","8","44","0","1"
"2026-08-29 11:00:00","2026-08-29 12:00:00","2026-08-29","11","6","4","15","2","18","13","44","0","1"
"2026-08-29 12:00:00","2026-08-29 13:00:00","2026-08-29","12","3","7","11","3","47.67","9","44","0","1"
"2026-08-29 13:00:00","2026-08-29 14:00:00","2026-08-29","13","6","3","14","4","53.25","11","44","0","1"
"2026-08-29 14:00:00","2026-08-29 15:00:00","2026-08-29","14","6","6","14","4","58.5","11","44","0","1"
"2026-08-29 15:00:00","2026-08-29 16:00:00","2026-08-29","15","5","7","12","4","62","9","44","0","1"
"2026-08-29 16:00:00","2026-08-29 17:00:00","2026-08-29","16","5","5","12","5","33.6","8","44","0","1"
"2026-08-29 17:00:00","2026-08-29 18:00:00","2026-08-29","17","4","3","13","2","93.5","12","44","0","1"
"2026-08-29 18:00:00","2026-08-29 19:00:00","2026-08-29","18","4","6","11","4","95.75","9","44","1","1"
"2026-08-29 19:00:00","2026-08-29 20:00:00","2026-08-29","19","4","2","13","5","128.4","11","44","0","1"
"2026-08-29 20:00:00","2026-08-29 21:00:00","2026-08-29","20","6","6","13","4","74","10","44","0","1"
"2026-08-29 21:00:00","2026-08-29 22:00:00","2026-08-29","21","3","4","12","2","108.5","11","44","0","1"
"2026-08-29 22:00:00","2026-08-29 23:00:00","2026-08-29","22","3","7","8","2","18.5","6","44","0","1"
"2026-08-29 23:00:00","2026-08-30 00:00:00","2026-08-29","23","4","4","8","1","15","7","44","0","1"
"2026-08-30 00:00:00","2026-08-30 01:00:00","2026-08-30","0","1","1","8","1","31","7","44","0","1"
"2026-08-30 01:00:00","2026-08-30 02:00:00","2026-08-30","1","1","4","5","1","186","5","44","1","1"
"2026-08-30 02:00:00","2026-08-30 03:00:00","2026-08-30","2","3","3","5","3","87","3","44","1","1"
"2026-08-30 03:00:00","2026-08-30 04:00:00","2026-08-30","3","3","1","7","3","116.33","5","44","1","1"
"2026-08-30 04:00:00","2026-08-30 05:00:00","2026-08-30","4","2","1","8","2","75","7","44","1","1"
"2026-08-30 05:00:00","2026-08-30 06:00:00","2026-08-30","5","3","6","5","2","7.5","3","44","0","1"
"2026-08-30 06:00:00","2026-08-30 07:00:00","2026-08-30","6","2","1","6","2","20","4","44","0","1"
"2026-08-30 07:00:00","2026-08-30 08:00:00","2026-08-30","7","4","2","8","2","5","6","44","0","1"
"2026-08-30 08:00:00","2026-08-30 09:00:00","2026-08-30","8","6","2","12","2","163","12","44","0","1"
"2026-08-30 09:00:00","2026-08-30 10:00:00","2026-08-30","9","3","4","11","1","121","11","44","0","1"
"2026-08-30 10:00:00","2026-08-30 11:00:00","2026-08-30","10","3","3","11","3","82","9","44","0","1"
"2026-08-30 11:00:00","2026-08-30 12:00:00","2026-08-30","11","4","4","11","3","147.33","10","44","1","1"
"2026-08-30 12:00:00","2026-08-30 13:00:00","2026-08-30","12","6","3","14","6","108.83","11","44","3","1"
"2026-08-30 13:00:00","2026-08-30 14:00:00","2026-08-30","13","4","2","16","5","190","14","44","3","1"
"2026-08-30 14:00:00","2026-08-30 15:00:00","2026-08-30","14","5","5","16","4","170","15","44","1","1"
"2026-08-30 15:00:00","2026-08-30 16:00:00","2026-08-30","15","4","8","12","5","84.6","9","44","1","1"
"2026-08-30 16:00:00","2026-08-30 17:00:00","2026-08-30","16","5","3","14","6","125","11","44","1","1"
"2026-08-30 17:00:00","2026-08-30 18:00:00","2026-08-30","17","3","5","12","5","144.8","10","44","0","1"
"2026-08-30 18:00:00","2026-08-30 19:00:00","2026-08-30","18","4","5","11","3","145","10","44","0","1"
"2026-08-30 19:00:00","2026-08-30 20:00:00","2026-08-30","19","3","5","9","3","124.33","8","44","0","1"
"2026-08-30 20:00:00","2026-08-30 21:00:00","2026-08-30","20","3","3","9","4","116.25","7","44","0","1"
"2026-08-30 21:00:00","2026-08-30 22:00:00","2026-08-30","21","5","3","11","4","75","8","44","0","1"
"2026-08-30 22:00:00","2026-08-30 23:00:00","2026-08-30","22","6","4","13","4","67","10","44","0","1"
"2026-08-30 23:00:00","2026-08-31 00:00:00","2026-08-30","23","6","2","17","4","114.25","15","44","0","1"
"2026-08-31 00:00:00","2026-08-31 01:00:00","2026-08-31","0","3","6","14","4","145.5","12","44","1","1"
"2026-08-31 01:00:00","2026-08-31 02:00:00","2026-08-31","1","2","7","9","5","130.8","7","44","0","1"
"2026-08-31 02:00:00","2026-08-31 03:00:00","2026-08-31","2","3","3","9","2","241.5","9","44","0","1"
"2026-08-31 03:00:00","2026-08-31 04:00:00","2026-08-31","3","1","3","7","0","0","7","44","0","1"
"2026-08-31 04:00:00","2026-08-31 05:00:00","2026-08-31","4","2","6","3","1","7","2","44","0","1"
"2026-08-31 05:00:00","2026-08-31 06:00:00","2026-08-31","5","3","1","5","2","14.5","3","44","0","1"
"2026-08-31 06:00:00","2026-08-31 07:00:00","2026-08-31","6","3","1","7","1","6","6","44","0","1"
"2026-08-31 07:00:00","2026-08-31 08:00:00","2026-08-31","7","4","3","8","2","101","7","44","0","1"
"2026-08-31 08:00:00","2026-08-31 09:00:00","2026-08-31","8","4","1","11","1","247","11","44","0","1"
"2026-08-31 09:00:00","2026-08-31 10:00:00","2026-08-31","9","6","3","14","3","69","12","44","0","1"
"2026-08-31 10:00:00","2026-08-31 11:00:00","2026-08-31","10","4","5","13","4","166.5","12","44","1","1"
"2026-08-31 11:00:00","2026-08-31 12:00:00","2026-08-31","11","3","7","9","1","4","8","44","0","1"
"2026-08-31 12:00:00","2026-08-31 13:00:00","2026-08-31","12","6","4","11","1","5","10","44","0","1"
"2026-08-31 13:00:00","2026-08-31 14:00:00","2026-08-31","13","4","3","12","2","24.5","10","44","0","1"
"2026-08-31 14:00:00","2026-08-31 15:00:00","2026-08-31","14","3","5","10","1","10","9","44","0","1"
"2026-08-31 15:00:00","2026-08-31 16:00:00","2026-08-31","15","3","4","9","1","2","8","44","0","1"
"2026-08-31 16:00:00","2026-08-31 17:00:00","2026-08-31","16","5","4","10","3","17","7","44","0","1"
"2026-08-31 17:00:00","2026-08-31 18:00:00","2026-08-31","17","5","3","12","4","64.25","9","44","0","1"
"2026-08-31 18:00:00","2026-08-31 19:00:00","2026-08-31","18","5","6","11","4","14","7","44","0","1"
"2026-08-31 19:00:00","2026-08-31 20:00:00","2026-08-31","19","5","3","13","2","106","12","44","0","1"
"2026-08-31 20:00:00","2026-08-31 21:00:00","2026-08-31","20","5","3","15","4","74.75","12","44","0","1"
"2026-08-31 21:00:00","2026-08-31 22:00:00","2026-08-31","21","6","4","17","7","130.57","14","44","0","1"
"2026-08-31 22:00:00","2026-08-31 23:00:00","2026-08-31","22","4","3","18","8","140.75","15","44","0","1"
"2026-08-31 23:00:00","2026-09-01 00:00:00","2026-08-31","23","4","7","15","5","154.6","13","44","0","1"
"2026-09-01 00:00:00","2026-09-01 01:00:00","2026-09-01","0","1","4","12","5","190","11","44","0","1"
"2026-09-01 01:00:00","2026-09-01 02:00:00","2026-09-01","1","3","6","9","6","150.5","8","44","0","1"
"2026-09-01 02:00:00","2026-09-01 03:00:00","2026-09-01","2","2","1","10","8","167.5","8","44","0","1"
"2026-09-01 03:00:00","2026-09-01 04:00:00","2026-09-01","3","2","3","9","4","117.25","7","44","0","1"
"2026-09-01 04:00:00","2026-09-01 05:00:00","2026-09-01","4","1","5","5","1","232","5","44","0","1"
"2026-09-01 05:00:00","2026-09-01 06:00:00","2026-09-01","5","2","1","6","3","111.67","5","44","0","1"
"2026-09-01 06:00:00","2026-09-01 07:00:00","2026-09-01","6","3","2","7","4","101","5","44","0","1"
"2026-09-01 07:00:00","2026-09-01 08:00:00","2026-09-01","7","6","2","11","5","111.2","8","44","0","1"
"2026-09-01 08:00:00","2026-09-01 09:00:00","2026-09-01","8","5","3","13","3","16","10","44","0","1"
"2026-09-01 09:00:00","2026-09-01 10:00:00","2026-09-01","9","5","4","14","3","17","11","44","0","1"
"2026-09-01 10:00:00","2026-09-01 11:00:00","2026-09-01","10","4","4","14","5","90.4","11","44","0","1"
"2026-09-01 11:00:00","2026-09-01 12:00:00","2026-09-01","11","3","2","15","6","173.5","13","44","1","1"
"2026-09-01 12:00:00","2026-09-01 13:00:00","2026-09-01","12","3","7","11","2","106","10","44","0","1"
"2026-09-01 13:00:00","2026-09-01 14:00:00","2026-09-01","13","5","5","11","6","106.5","8","44","1","1"
"2026-09-01 14:00:00","2026-09-01 15:00:00","2026-09-01","14","5","1","15","7","135.86","12","44","1","1"
"2026-09-01 15:00:00","2026-09-01 16:00:00","2026-09-01","15","4","3","16","5","201.4","15","44","0","1"
"2026-09-01 16:00:00","2026-09-01 17:00:00","2026-09-01","16","5","7","14","4","135.75","13","44","0","1"
"2026-09-01 17:00:00","2026-09-01 18:00:00","2026-09-01","17","6","5","15","2","221","15","44","0","1"
"2026-09-01 18:00:00","2026-09-01 19:00:00","2026-09-01","18","6","6","15","4","147.5","14","44","0","1"
"2026-09-01 19:00:00","2026-09-01 20:00:00","2026-09-01","19","4","6","13","5","136.6","12","44","0","1"
"2026-09-01 20:00:00","2026-09-01 21:00:00","2026-09-01","20","3","3","13","7","159.29","11","44","0","1"
"2026-09-01 21:00:00","2026-09-01 22:00:00","2026-09-01","21","4","6","11","4","129.25","9","44","0","1"
"2026-09-01 22:00:00","2026-09-01 23:00:00","2026-09-01","22","5","5","11","1","25","10","44","0","1"
"2026-09-01 23:00:00","2026-09-02 00:00:00","2026-09-01","23","4","4","11","2","6.5","9","44","0","1"
"2026-09-02 00:00:00","2026-09-02 01:00:00","2026-09-02","0","2","2","11","5","110.8","9","44","0","1"
"2026-09-02 01:00:00","2026-09-02 02:00:00","2026-09-02","1","1","4","8","4","155","7","44","1","1"
"2026-09-02 02:00:00","2026-09-02 03:00:00","2026-09-02","2","2","4","6","2","204.5","6","44","1","1"
"2026-09-02 03:00:00","2026-09-02 04:00:00","2026-09-02","3","1","2","5","3","143.33","4","44","0","1"
"2026-09-02 04:00:00","2026-09-02 05:00:00","2026-09-02","4","3","2","6","3","186.33","5","44","0","1"
"2026-09-02 05:00:00","2026-09-02 06:00:00","2026-09-02","5","3","3","6","1","23","5","44","0","1"
"2026-09-02 06:00:00","2026-09-02 07:00:00","2026-09-02","6","3","0","9","2","104.5","8","44","1","1"
"2026-09-02 07:00:00","2026-09-02 08:00:00","2026-09-02","7","3","1","11","5","92.2","8","44","1","1"
"2026-09-02 08:00:00","2026-09-02 09:00:00","2026-09-02","8","6","3","14","6","141","11","44","1","1"
"2026-09-02 09:00:00","2026-09-02 10:00:00","2026-09-02","9","5","5","14","3","55.67","12","44","0","1"
"2026-09-02 10:00:00","2026-09-02 11:00:00","2026-09-02","10","6","3","17","7","117.57","15","44","1","1"
"2026-09-02 11:00:00","2026-09-02 12:00:00","2026-09-02","11","5","8","14","7","100","10","44","0","1"
"2026-09-02 12:00:00","2026-09-02 13:00:00","2026-09-02","12","6","6","14","4","52.25","11","44","0","1"
"2026-09-02 13:00:00","2026-09-02 14:00:00","2026-09-02","13","4","4","14","4","116.5","12","44","0","1"
"2026-09-02 14:00:00","2026-09-02 15:00:00","2026-09-02","14","4","6","12","4","45.75","9","44","0","1"
"2026-09-02 15:00:00","2026-09-02 16:00:00","2026-09-02","15","3","4","11","2","195.5","11","44","0","1"
"2026-09-02 16:00:00","2026-09-02 17:00:00","2026-09-02","16","3","5","9","2","191.5","9","44","0","1"
"2026-09-02 17:00:00","2026-09-02 18:00:00","2026-09-02","17","3","2","10","3","175.67","9","44","0","1"
"2026-09-02 18:00:00","2026-09-02 19:00:00","2026-09-02","18","6","5","11","3","79.33","9","44","0","1"
"2026-09-02 19:00:00","2026-09-02 20:00:00","2026-09-02","19","3","3","11","0","0","11","44","0","1"
"2026-09-02 20:00:00","2026-09-02 21:00:00","2026-09-02","20","3","6","8","3","113","7","44","1","1"
"2026-09-02 21:00:00","2026-09-02 22:00:00","2026-09-02","21","4","2","10","4","155.5","9","44","0","1"
"2026-09-02 22:00:00","2026-09-02 23:00:00","2026-09-02","22","5","4","11","7","139.29","8","44","0","1"
"2026-09-02 23:00:00","2026-09-03 00:00:00","2026-09-02","23","3","5","9","2","16","7","44","0","1"
"2026-09-03 00:00:00","2026-09-03 01:00:00","2026-09-03","0","2","4","7","0","0","7","44","0","1"
"2026-09-03 01:00:00","2026-09-03 02:00:00","2026-09-03","1","1","4","4","0","0","4","44","0","1"
"2026-09-03 02:00:00","2026-09-03 03:00:00","2026-09-03","2","1","3","2","0","0","2","44","0","1"
"2026-09-03 03:00:00","2026-09-03 04:00:00","2026-09-03","3","3","1","4","0","0","4","44","0","1"
"2026-09-03 04:00:00","2026-09-03 05:00:00","2026-09-03","4","2","1","5","1","1","4","44","0","1"
"2026-09-03 05:00:00","2026-09-03 06:00:00","2026-09-03","5","1","2","4","0","0","4","44","0","1"
"2026-09-03 06:00:00","2026-09-03 07:00:00","2026-09-03","6","1","2","3","0","0","3","44","0","1"
"2026-09-03 07:00:00","2026-09-03 08:00:00","2026-09-03","7","5","0","8","4","50","5","44","1","1"
"2026-09-03 08:00:00","2026-09-03 09:00:00","2026-09-03","8","4","4","8","2","21.5","6","44","0","1"
"2026-09-03 09:00:00","2026-09-03 10:00:00","2026-09-03","9","6","2","12","4","48.75","9","44","0","1"
"2026-09-03 10:00:00","2026-09-03 11:00:00","2026-09-03","10","8","2","18","5","61.6","14","44","0","1"
"2026-09-03 11:00:00","2026-09-03 12:00:00","2026-09-03","11","7","5","20","9","100.44","15","44","0","1"
"2026-09-03 12:00:00","2026-09-03 13:00:00","2026-09-03","12","8","7","21","10","93.5","14","44","0","1"
"2026-09-03 13:00:00","2026-09-03 14:00:00","2026-09-03","13","10","5","26","9","88.56","19","44","0","1"
"2026-09-03 14:00:00","2026-09-03 15:00:00","2026-09-03","14","7","4","29","4","69.75","26","44","0","1"
"2026-09-03 15:00:00","2026-09-03 16:00:00","2026-09-03","15","9","7","31","9","106.44","26","44","0","1"
"2026-09-03 16:00:00","2026-09-03 17:00:00","2026-09-03","16","7","9","29","8","97.13","23","44","0","1"
"2026-09-03 17:00:00","2026-09-03 18:00:00","2026-09-03","17","9","9","29","10","131.1","22","44","0","1"
"2026-09-03 18:00:00","2026-09-03 19:00:00","2026-09-03","18","9","5","33","10","127","26","44","1","1"
"2026-09-03 19:00:00","2026-09-03 20:00:00","2026-09-03","19","9","8","34","9","168.89","30","44","0","1"
"2026-09-03 20:00:00","2026-09-03 21:00:00","2026-09-03","20","10","10","34","13","107.85","25","44","1","1"
"2026-09-03 21:00:00","2026-09-03 22:00:00","2026-09-03","21","8","8","34","8","185","30","44","0","1"
"2026-09-03 22:00:00","2026-09-03 23:00:00","2026-09-03","22","3","13","24","6","137.67","20","44","0","1"
"2026-09-03 23:00:00","2026-09-04 00:00:00","2026-09-03","23","6","6","24","7","197.43","22","44","0","1"
"2026-09-04 00:00:00","2026-09-04 01:00:00","2026-09-04","0","2","5","21","9","255.11","20","44","0","1"
"2026-09-04 01:00:00","2026-09-04 02:00:00","2026-09-04","1","1","6","16","8","287.88","16","44","1","1"
"2026-09-04 02:00:00","2026-09-04 03:00:00","2026-09-04","2","2","9","9","5","371.2","9","44","0","1"
"2026-09-04 03:00:00","2026-09-04 04:00:00","2026-09-04","3","3","5","7","5","259.8","5","44","0","1"
"2026-09-04 04:00:00","2026-09-04 05:00:00","2026-09-04","4","3","3","7","3","18","4","44","0","1"
"2026-09-04 05:00:00","2026-09-04 06:00:00","2026-09-04","5","1","2","6","2","108.5","5","44","0","1"
"2026-09-04 06:00:00","2026-09-04 07:00:00","2026-09-04","6","2","3","5","1","262","5","44","0","1"
"2026-09-04 07:00:00","2026-09-04 08:00:00","2026-09-04","7","4","3","6","1","23","5","44","0","1"
"2026-09-04 08:00:00","2026-09-04 09:00:00","2026-09-04","8","6","1","11","3","21.67","8","44","0","1"
"2026-09-04 09:00:00","2026-09-04 10:00:00","2026-09-04","9","5","5","11","3","19","8","44","0","1"
"2026-09-04 10:00:00","2026-09-04 11:00:00","2026-09-04","10","9","3","17","8","44.25","10","44","0","1"
"2026-09-04 11:00:00","2026-09-04 12:00:00","2026-09-04","11","10","4","23","12","62.5","14","44","0","1"
"2026-09-04 12:00:00","2026-09-04 13:00:00","2026-09-04","12","7","3","27","4","113","25","44","0","1"
"2026-09-04 13:00:00","2026-09-04 14:00:00","2026-09-04","13","10","4","33","10","84","26","44","0","1"
"2026-09-04 14:00:00","2026-09-04 15:00:00","2026-09-04","14","8","12","29","7","92.86","24","44","0","1"
"2026-09-04 15:00:00","2026-09-04 16:00:00","2026-09-04","15","9","8","30","6","178","28","44","1","1"
"2026-09-04 16:00:00","2026-09-04 17:00:00","2026-09-04","16","9","7","32","13","118.31","24","44","2","1"
"2026-09-04 17:00:00","2026-09-04 18:00:00","2026-09-04","17","9","10","31","15","123.6","23","44","2","1"
"2026-09-04 18:00:00","2026-09-04 19:00:00","2026-09-04","18","8","8","31","10","159.1","26","44","1","1"
"2026-09-04 19:00:00","2026-09-04 20:00:00","2026-09-04","19","9","8","32","12","124.25","24","44","3","1"
"2026-09-04 20:00:00","2026-09-04 21:00:00","2026-09-04","20","10","13","29","12","119.5","21","44","2","1"
"2026-09-04 21:00:00","2026-09-04 22:00:00","2026-09-04","21","10","5","34","9","138.89","28","44","0","1"
"2026-09-04 22:00:00","2026-09-04 23:00:00","2026-09-04","22","4","10","28","4","191.5","27","44","0","1"
"2026-09-04 23:00:00","2026-09-05 00:00:00","2026-09-04","23","3","6","25","6","156.17","22","44","1","1"
"2026-09-05 00:00:00","2026-09-05 01:00:00","2026-09-05","0","1","10","16","9","249.11","15","44","2","1"
"2026-09-05 01:00:00","2026-09-05 02:00:00","2026-09-05","1","2","6","12","6","316.5","12","44","2","1"
"2026-09-05 02:00:00","2026-09-05 03:00:00","2026-09-05","2","2","5","9","6","279.5","7","44","1","1"
"2026-09-05 03:00:00","2026-09-05 04:00:00","2026-09-05","3","2","2","9","4","281.5","8","44","1","1"
"2026-09-05 04:00:00","2026-09-05 05:00:00","2026-09-05","4","3","5","7","1","21","6","44","0","1"
"2026-09-05 05:00:00","2026-09-05 06:00:00","2026-09-05","5","2","4","5","0","0","5","44","0","1"
"2026-09-05 06:00:00","2026-09-05 07:00:00","2026-09-05","6","1","2","4","0","0","4","44","0","1"
"2026-09-05 07:00:00","2026-09-05 08:00:00","2026-09-05","7","3","2","5","2","12","3","44","0","1"
"2026-09-05 08:00:00","2026-09-05 09:00:00","2026-09-05","8","5","2","8","3","11.67","5","44","0","1"
"2026-09-05 09:00:00","2026-09-05 10:00:00","2026-09-05","9","5","1","12","3","54","10","44","0","1"
"2026-09-05 10:00:00","2026-09-05 11:00:00","2026-09-05","10","3","3","12","2","181.5","12","44","0","1"
"2026-09-05 11:00:00","2026-09-05 12:00:00","2026-09-05","11","6","4","14","6","104","11","44","0","1"
"2026-09-05 12:00:00","2026-09-05 13:00:00","2026-09-05","12","6","4","16","5","157.2","14","44","0","1"
"2026-09-05 13:00:00","2026-09-05 14:00:00","2026-09-05","13","4","7","13","1","22","12","44","0","1"
"2026-09-05 14:00:00","2026-09-05 15:00:00","2026-09-05","14","4","6","11","5","53","7","44","0","1"
"2026-09-05 15:00:00","2026-09-05 16:00:00","2026-09-05","15","4","3","12","2","239.5","12","44","0","1"
"2026-09-05 16:00:00","2026-09-05 17:00:00","2026-09-05","16","3","5","10","1","281","10","44","0","1"
"2026-09-05 17:00:00","2026-09-05 18:00:00","2026-09-05","17","3","5","8","3","181.33","7","44","0","1"
"2026-09-05 18:00:00","2026-09-05 19:00:00","2026-09-05","18","3","2","9","3","56.33","7","44","0","1"
"2026-09-05 19:00:00","2026-09-05 20:00:00","2026-09-05","19","3","4","8","2","163","7","44","0","1"
"2026-09-05 20:00:00","2026-09-05 21:00:00","2026-09-05","20","4","1","11","4","126","9","44","0","1"
"2026-09-05 21:00:00","2026-09-05 22:00:00","2026-09-05","21","6","4","13","6","68.33","9","44","1","1"
"2026-09-05 22:00:00","2026-09-05 23:00:00","2026-09-05","22","3","4","12","4","89.75","10","44","1","1"
"2026-09-05 23:00:00","2026-09-06 00:00:00","2026-09-05","23","6","3","15","3","156.33","14","44","1","1"
"2026-09-06 00:00:00","2026-09-06 01:00:00","2026-09-06","0","1","7","9","2","137.5","8","44","0","1"
"2026-09-06 01:00:00","2026-09-06 02:00:00","2026-09-06","1","2","5","6","1","10","5","44","0","1"
"2026-09-06 02:00:00","2026-09-06 03:00:00","2026-09-06","2","2","4","4","2","28.5","2","44","0","1"
"2026-09-06 03:00:00","2026-09-06 04:00:00","2026-09-06","3","1","1","4","0","0","4","44","0","1"
"2026-09-06 04:00:00","2026-09-06 05:00:00","2026-09-06","4","3","2","5","2","85","4","44","0","1"
"2026-09-06 05:00:00","2026-09-06 06:00:00","2026-09-06","5","2","0","7","3","89.33","5","44","0","1"
"2026-09-06 06:00:00","2026-09-06 07:00:00","2026-09-06","6","1","2","6","2","240.5","6","44","0","1"
"2026-09-06 07:00:00","2026-09-06 08:00:00","2026-09-06","7","4","2","8","3","143","7","44","0","1"
"2026-09-06 08:00:00","2026-09-06 09:00:00","2026-09-06","8","5","2","11","1","210","11","44","0","1"
"2026-09-06 09:00:00","2026-09-06 10:00:00","2026-09-06","9","4","5","10","2","2.5","8","44","0","1"
"2026-09-06 10:00:00","2026-09-06 11:00:00","2026-09-06","10","5","5","10","1","1","9","44","0","1"
"2026-09-06 11:00:00","2026-09-06 12:00:00","2026-09-06","11","4","2","12","1","235","12","44","0","1"
"2026-09-06 12:00:00","2026-09-06 13:00:00","2026-09-06","12","3","4","11","3","147.33","10","44","0","1"
"2026-09-06 13:00:00","2026-09-06 14:00:00","2026-09-06","13","6","5","12","4","91.25","10","44","0","1"
"2026-09-06 14:00:00","2026-09-06 15:00:00","2026-09-06","14","4","3","13","5","151.4","11","44","0","1"
"2026-09-06 15:00:00","2026-09-06 16:00:00","2026-09-06","15","4","6","11","6","129","9","44","1","1"
"2026-09-06 16:00:00","2026-09-06 17:00:00","2026-09-06","16","4","3","12","6","104.33","9","44","2","1"
"2026-09-06 17:00:00","2026-09-06 18:00:00","2026-09-06","17","5","3","14","6","145.33","12","44","1","1"
"2026-09-06 18:00:00","2026-09-06 19:00:00","2026-09-06","18","3","8","9","1","113","9","44","0","1"
"2026-09-06 19:00:00","2026-09-06 20:00:00","2026-09-06","19","3","3","9","1","173","9","44","0","1"
"2026-09-06 20:00:00","2026-09-06 21:00:00","2026-09-06","20","3","5","7","4","100.5","4","44","1","1"
"2026-09-06 21:00:00","2026-09-06 22:00:00","2026-09-06","21","3","2","8","4","130.25","6","44","1","1"
"2026-09-06 22:00:00","2026-09-06 23:00:00","2026-09-06","22","3","1","10","3","163","9","44","0","1"
"2026-09-06 23:00:00","2026-09-07 00:00:00","2026-09-06","23","6","4","12","3","73.67","10","44","0","1"
"2026-09-07 00:00:00","2026-09-07 01:00:00","2026-09-07","0","2","5","9","2","134.5","8","44","0","1"
"2026-09-07 01:00:00","2026-09-07 02:00:00","2026-09-07","1","2","5","6","0","0","6","44","0","1"
"2026-09-07 02:00:00","2026-09-07 03:00:00","2026-09-07","2","2","2","6","2","109.5","5","44","0","1"
"2026-09-07 03:00:00","2026-09-07 04:00:00","2026-09-07","3","1","3","4","1","153","4","44","0","1"
"2026-09-07 04:00:00","2026-09-07 05:00:00","2026-09-07","4","1","0","5","2","112","4","44","0","1"
"2026-09-07 05:00:00","2026-09-07 06:00:00","2026-09-07","5","2","2","5","1","273","5","44","0","1"
"2026-09-07 06:00:00","2026-09-07 07:00:00","2026-09-07","6","3","2","6","4","40.5","2","44","1","1"
"2026-09-07 07:00:00","2026-09-07 08:00:00","2026-09-07","7","4","2","8","1","170","8","44","1","1"
"2026-09-07 08:00:00","2026-09-07 09:00:00","2026-09-07","8","6","0","14","6","81.67","11","44","3","1"
"2026-09-07 09:00:00","2026-09-07 10:00:00","2026-09-07","9","3","4","13","3","144.67","13","44","3","1"
"2026-09-07 10:00:00","2026-09-07 11:00:00","2026-09-07","10","4","4","13","8","124.63","10","44","3","1"
"2026-09-07 11:00:00","2026-09-07 12:00:00","2026-09-07","11","3","5","11","4","170.5","10","44","0","1"
"2026-09-07 12:00:00","2026-09-07 13:00:00","2026-09-07","12","5","3","13","2","131","12","44","0","1"
"2026-09-07 13:00:00","2026-09-07 14:00:00","2026-09-07","13","6","7","12","6","31.5","7","44","0","1"
"2026-09-07 14:00:00","2026-09-07 15:00:00","2026-09-07","14","6","3","15","4","55.75","12","44","0","1"
"2026-09-07 15:00:00","2026-09-07 16:00:00","2026-09-07","15","5","4","16","5","76","12","44","1","1"
"2026-09-07 16:00:00","2026-09-07 17:00:00","2026-09-07","16","5","6","15","6","95.5","12","44","1","1"
"2026-09-07 17:00:00","2026-09-07 18:00:00","2026-09-07","17","3","2","16","5","144.2","14","44","1","1"
"2026-09-07 18:00:00","2026-09-07 19:00:00","2026-09-07","18","6","10","12","5","129.6","9","44","0","1"
"2026-09-07 19:00:00","2026-09-07 20:00:00","2026-09-07","19","4","6","10","3","54","8","44","0","1"
"2026-09-07 20:00:00","2026-09-07 21:00:00","2026-09-07","20","4","0","14","6","77","9","44","0","1"
"2026-09-07 21:00:00","2026-09-07 22:00:00","2026-09-07","21","4","3","15","8","125","12","44","0","1"
"2026-09-07 22:00:00","2026-09-07 23:00:00","2026-09-07","22","6","5","16","7","161","14","44","0","1"
"2026-09-07 23:00:00","2026-09-08 00:00:00","2026-09-07","23","3","7","12","3","119.67","11","44","0","1"
"2026-09-08 00:00:00","2026-09-08 01:00:00","2026-09-08","0","2","2","12","4","143","12","44","1","1"
"2026-09-08 01:00:00","2026-09-08 02:00:00","2026-09-08","1","1","3","10","4","193.25","10","44","0","1"
"2026-09-08 02:00:00","2026-09-08 03:00:00","2026-09-08","2","2","6","6","3","234.33","6","44","0","1"
"2026-09-08 03:00:00","2026-09-08 04:00:00","2026-09-08","3","3","2","7","2","278","7","44","0","1"
"2026-09-08 04:00:00","2026-09-08 05:00:00","2026-09-08","4","2","4","5","1","23","4","44","0","1"
"2026-09-08 05:00:00","2026-09-08 06:00:00","2026-09-08","5","1","2","4","0","0","4","44","0","1"
"2026-09-08 06:00:00","2026-09-08 07:00:00","2026-09-08","6","2","2","4","2","121.5","3","44","0","1"
"2026-09-08 07:00:00","2026-09-08 08:00:00","2026-09-08","7","6","1","9","3","102","7","44","0","1"
"2026-09-08 08:00:00","2026-09-08 09:00:00","2026-09-08","8","5","1","13","3","20.67","10","44","0","1"
"2026-09-08 09:00:00","2026-09-08 10:00:00","2026-09-08","9","5","4","14","2","180","14","44","1","1"
"2026-09-08 10:00:00","2026-09-08 11:00:00","2026-09-08","10","3","7","10","4","112.5","8","44","0","1"
"2026-09-08 11:00:00","2026-09-08 12:00:00","2026-09-08","11","6","2","14","6","159.33","12","44","1","1"
"2026-09-08 12:00:00","2026-09-08 13:00:00","2026-09-08","12","6","4","16","5","71.8","12","44","0","1"
"2026-09-08 13:00:00","2026-09-08 14:00:00","2026-09-08","13","5","5","16","6","92.67","13","44","1","1"
"2026-09-08 14:00:00","2026-09-08 15:00:00","2026-09-08","14","6","2","20","9","128.56","16","44","2","1"
"2026-09-08 15:00:00","2026-09-08 16:00:00","2026-09-08","15","3","9","14","3","224.67","14","44","1","1"
"2026-09-08 16:00:00","2026-09-08 17:00:00","2026-09-08","16","5","6","13","4","137.5","11","44","1","1"
"2026-09-08 17:00:00","2026-09-08 18:00:00","2026-09-08","17","5","8","10","3","123","9","44","0","1"
"2026-09-08 18:00:00","2026-09-08 19:00:00","2026-09-08","18","4","1","13","3","164.67","12","44","0","1"
"2026-09-08 19:00:00","2026-09-08 20:00:00","2026-09-08","19","5","5","13","4","170.25","13","44","1","1"
"2026-09-08 20:00:00","2026-09-08 21:00:00","2026-09-08","20","3","3","13","7","159.43","11","44","2","1"
"2026-09-08 21:00:00","2026-09-08 22:00:00","2026-09-08","21","5","4","14","5","126.6","12","44","2","1"
"2026-09-08 22:00:00","2026-09-08 23:00:00","2026-09-08","22","6","8","12","1","2","11","44","0","1"
"2026-09-08 23:00:00","2026-09-09 00:00:00","2026-09-08","23","5","4","13","3","9","10","44","1","1"
"2026-09-09 00:00:00","2026-09-09 01:00:00","2026-09-09","0","3","5","11","4","77","9","44","1","1"
"2026-09-09 01:00:00","2026-09-09 02:00:00","2026-09-09","1","3","5","9","2","160.5","9","44","1","1"
"2026-09-09 02:00:00","2026-09-09 03:00:00","2026-09-09","2","1","2","8","3","114","7","44","0","1"
"2026-09-09 03:00:00","2026-09-09 04:00:00","2026-09-09","3","2","3","7","5","137","6","44","1","1"
"2026-09-09 04:00:00","2026-09-09 05:00:00","2026-09-09","4","2","2","7","4","109.75","5","44","1","1"
"2026-09-09 05:00:00","2026-09-09 06:00:00","2026-09-09","5","2","4","5","2","143","4","44","1","1"
"2026-09-09 06:00:00","2026-09-09 07:00:00","2026-09-09","6","2","2","5","1","22","4","44","0","1"
"2026-09-09 07:00:00","2026-09-09 08:00:00","2026-09-09","7","3","3","5","2","27","3","44","0","1"
"2026-09-09 08:00:00","2026-09-09 09:00:00","2026-09-09","8","5","2","8","5","35.2","3","44","0","1"
"2026-09-09 09:00:00","2026-09-09 10:00:00","2026-09-09","9","5","1","12","3","77.33","10","44","0","1"
"2026-09-09 10:00:00","2026-09-09 11:00:00","2026-09-09","10","3","7","8","1","6","7","44","0","1"
"2026-09-09 11:00:00","2026-09-09 12:00:00","2026-09-09","11","3","3","8","1","144","8","44","0","1"
"2026-09-09 12:00:00","2026-09-09 13:00:00","2026-09-09","12","5","3","10","3","110.67","9","44","0","1"
"2026-09-09 13:00:00","2026-09-09 14:00:00","2026-09-09","13","3","4","9","3","61","7","44","0","1"
"2026-09-09 14:00:00","2026-09-09 15:00:00","2026-09-09","14","3","2","10","5","130.6","8","44","0","1"
"2026-09-09 15:00:00","2026-09-09 16:00:00","2026-09-09","15","6","4","12","4","17","8","44","0","1"
"2026-09-09 16:00:00","2026-09-09 17:00:00","2026-09-09","16","6","4","14","3","19.33","11","44","0","1"
"2026-09-09 17:00:00","2026-09-09 18:00:00","2026-09-09","17","5","6","13","3","59","11","44","0","1"
"2026-09-09 18:00:00","2026-09-09 19:00:00","2026-09-09","18","3","2","14","3","139.67","13","44","0","1"
"2026-09-09 19:00:00","2026-09-09 20:00:00","2026-09-09","19","3","8","9","2","130.5","8","44","0","1"
"2026-09-09 20:00:00","2026-09-09 21:00:00","2026-09-09","20","6","4","11","4","40.75","8","44","0","1"
"2026-09-09 21:00:00","2026-09-09 22:00:00","2026-09-09","21","4","1","14","5","76.4","10","44","0","1"
"2026-09-09 22:00:00","2026-09-09 23:00:00","2026-09-09","22","5","5","14","4","126.75","12","44","0","1"
"2026-09-09 23:00:00","2026-09-10 00:00:00","2026-09-09","23","3","5","12","4","121","10","44","0","1"
"2026-09-10 00:00:00","2026-09-10 01:00:00","2026-09-10","0","3","5","10","2","133","9","44","0","1"
"2026-09-10 01:00:00","2026-09-10 02:00:00","2026-09-10","1","3","3","10","3","123.67","9","44","0","1"
"2026-09-10 02:00:00","2026-09-10 03:00:00","2026-09-10","2","1","3","8","4","163.75","7","44","0","1"
"2026-09-10 03:00:00","2026-09-10 04:00:00","2026-09-10","3","2","5","5","2","136","4","44","0","1"
"2026-09-10 04:00:00","2026-09-10 05:00:00","2026-09-10","4","3","2","6","2","27","4","44","0","1"
"2026-09-10 05:00:00","2026-09-10 06:00:00","2026-09-10","5","2","1","7","3","70","5","44","0","1"
"2026-09-10 06:00:00","2026-09-10 07:00:00","2026-09-10","6","2","3","6","2","126.5","5","44","0","1"
"2026-09-10 07:00:00","2026-09-10 08:00:00","2026-09-10","7","3","4","5","2","19.5","3","44","0","1"
"2026-09-10 08:00:00","2026-09-10 09:00:00","2026-09-10","8","3","1","7","2","94","6","44","0","1"
"2026-09-10 09:00:00","2026-09-10 10:00:00","2026-09-10","9","5","1","11","2","131","10","44","0","1"
"2026-09-10 10:00:00","2026-09-10 11:00:00","2026-09-10","10","10","1","20","8","103.75","15","44","1","1"
"2026-09-10 11:00:00","2026-09-10 12:00:00","2026-09-10","11","7","7","20","7","111.14","16","44","2","1"
"2026-09-10 12:00:00","2026-09-10 13:00:00","2026-09-10","12","9","7","22","5","19","17","44","0","1"
"2026-09-10 13:00:00","2026-09-10 14:00:00","2026-09-10","13","9","5","26","8","30.5","18","44","0","1"
"2026-09-10 14:00:00","2026-09-10 15:00:00","2026-09-10","14","7","7","26","8","81.5","20","44","1","1"
"2026-09-10 15:00:00","2026-09-10 16:00:00","2026-09-10","15","9","4","31","12","113.25","24","44","1","1"
"2026-09-10 16:00:00","2026-09-10 17:00:00","2026-09-10","16","7","6","32","12","158.75","26","44","1","1"
"2026-09-10 17:00:00","2026-09-10 18:00:00","2026-09-10","17","8","5","35","13","169.08","30","44","2","1"
"2026-09-10 18:00:00","2026-09-10 19:00:00","2026-09-10","18","7","8","34","11","226.55","31","44","1","1"
"2026-09-10 19:00:00","2026-09-10 20:00:00","2026-09-10","19","7","7","34","13","176","27","44","1","1"
"2026-09-10 20:00:00","2026-09-10 21:00:00","2026-09-10","20","7","9","32","14","243.21","28","44","3","1"
"2026-09-10 21:00:00","2026-09-10 22:00:00","2026-09-10","21","7","12","27","15","189.73","20","44","1","1"
"2026-09-10 22:00:00","2026-09-10 23:00:00","2026-09-10","22","5","6","26","7","271.43","25","44","1","1"
"2026-09-10 23:00:00","2026-09-11 00:00:00","2026-09-10","23","6","9","23","5","359","23","44","0","1"
"2026-09-11 00:00:00","2026-09-11 01:00:00","2026-09-11","0","1","4","20","6","293.17","19","44","0","1"
"2026-09-11 01:00:00","2026-09-11 02:00:00","2026-09-11","1","1","11","10","6","239.67","9","44","0","1"
"2026-09-11 02:00:00","2026-09-11 03:00:00","2026-09-11","2","2","5","7","5","280","6","44","0","1"
"2026-09-11 03:00:00","2026-09-11 04:00:00","2026-09-11","3","1","2","6","1","358","6","44","0","1"
"2026-09-11 04:00:00","2026-09-11 05:00:00","2026-09-11","4","1","5","2","0","0","2","44","0","1"
"2026-09-11 05:00:00","2026-09-11 06:00:00","2026-09-11","5","3","1","4","0","0","4","44","0","1"
"2026-09-11 06:00:00","2026-09-11 07:00:00","2026-09-11","6","3","0","7","3","59","5","44","0","1"
"2026-09-11 07:00:00","2026-09-11 08:00:00","2026-09-11","7","3","1","9","5","85.8","6","44","0","1"
"2026-09-11 08:00:00","2026-09-11 09:00:00","2026-09-11","8","4","2","11","4","114.75","9","44","0","1"
"2026-09-11 09:00:00","2026-09-11 10:00:00","2026-09-11","9","6","3","14","5","92.4","11","44","0","1"
"2026-09-11 10:00:00","2026-09-11 11:00:00","2026-09-11","10","5","7","12","2","109.5","11","44","0","1"
"2026-09-11 11:00:00","2026-09-11 12:00:00","2026-09-11","11","4","2","14","4","78.25","11","44","0","1"
"2026-09-11 12:00:00","2026-09-11 13:00:00","2026-09-11","12","4","6","12","2","200.5","12","44","0","1"
"2026-09-11 13:00:00","2026-09-11 14:00:00","2026-09-11","13","6","7","11","4","9.25","7","44","0","1"
"2026-09-11 14:00:00","2026-09-11 15:00:00","2026-09-11","14","6","5","12","1","19","11","44","0","1"
"2026-09-11 15:00:00","2026-09-11 16:00:00","2026-09-11","15","4","2","14","4","40.75","11","44","0","1"
"2026-09-11 16:00:00","2026-09-11 17:00:00","2026-09-11","16","6","6","14","8","98.63","9","44","0","1"
"2026-09-11 17:00:00","2026-09-11 18:00:00","2026-09-11","17","4","4","14","3","155.67","13","44","0","1"
"2026-09-11 18:00:00","2026-09-11 19:00:00","2026-09-11","18","3","7","10","1","5","9","44","0","1"
"2026-09-11 19:00:00","2026-09-11 20:00:00","2026-09-11","19","5","7","8","2","10.5","6","44","0","1"
"2026-09-11 20:00:00","2026-09-11 21:00:00","2026-09-11","20","6","3","11","2","69.5","10","44","0","1"
"2026-09-11 21:00:00","2026-09-11 22:00:00","2026-09-11","21","6","1","16","3","120","15","44","0","1"
"2026-09-11 22:00:00","2026-09-11 23:00:00","2026-09-11","22","5","5","16","5","122.2","14","44","1","1"
"2026-09-11 23:00:00","2026-09-12 00:00:00","2026-09-11","23","3","10","9","2","119.5","8","44","0","1"
"2026-09-12 00:00:00","2026-09-12 01:00:00","2026-09-12","0","1","1","9","4","188.75","9","44","0","1"
"2026-09-12 01:00:00","2026-09-12 02:00:00","2026-09-12","1","2","5","6","5","141","4","44","0","1"
"2026-09-12 02:00:00","2026-09-12 03:00:00","2026-09-12","2","1","1","6","3","219.33","6","44","0","1"
"2026-09-12 03:00:00","2026-09-12 04:00:00","2026-09-12","3","3","3","6","2","19.5","4","44","0","1"
"2026-09-12 04:00:00","2026-09-12 05:00:00","2026-09-12","4","1","2","5","2","107.5","4","44","1","1"
"2026-09-12 05:00:00","2026-09-12 06:00:00","2026-09-12","5","1","1","5","4","145.5","4","44","1","1"
"2026-09-12 06:00:00","2026-09-12 07:00:00","2026-09-12","6","1","2","4","2","124","3","44","0","1"
"2026-09-12 07:00:00","2026-09-12 08:00:00","2026-09-12","7","6","0","10","4","138","8","44","0","1"
"2026-09-12 08:00:00","2026-09-12 09:00:00","2026-09-12","8","5","2","13","5","106.2","10","44","0","1"
"2026-09-12 09:00:00","2026-09-12 10:00:00","2026-09-12","9","5","3","15","6","162.5","12","44","0","1"
"2026-09-12 10:00:00","2026-09-12 11:00:00","2026-09-12","10","6","6","15","4","120.75","13","44","0","1"
"2026-09-12 11:00:00","2026-09-12 12:00:00","2026-09-12","11","3","6","12","2","10.5","10","44","0","1"
"2026-09-12 12:00:00","2026-09-12 13:00:00","2026-09-12","12","3","3","12","3","151","12","44","2","1"
"2026-09-12 13:00:00","2026-09-12 14:00:00","2026-09-12","13","3","4","11","8","115.13","8","44","2","1"
"2026-09-12 14:00:00","2026-09-12 15:00:00","2026-09-12","14","4","5","10","5","145.2","8","44","0","1"
"2026-09-12 15:00:00","2026-09-12 16:00:00","2026-09-12","15","3","2","11","3","95","9","44","1","1"
"2026-09-12 16:00:00","2026-09-12 17:00:00","2026-09-12","16","3","5","9","2","91.5","8","44","0","1"
"2026-09-12 17:00:00","2026-09-12 18:00:00","2026-09-12","17","5","3","11","4","67.5","8","44","0","1"
"2026-09-12 18:00:00","2026-09-12 19:00:00","2026-09-12","18","5","5","11","0","0","11","44","0","1"
"2026-09-12 19:00:00","2026-09-12 20:00:00","2026-09-12","19","6","2","15","3","60.33","13","44","0","1"
"2026-09-12 20:00:00","2026-09-12 21:00:00","2026-09-12","20","5","7","13","2","118","12","44","0","1"
"2026-09-12 21:00:00","2026-09-12 22:00:00","2026-09-12","21","4","6","11","3","102.67","9","44","0","1"
"2026-09-12 22:00:00","2026-09-12 23:00:00","2026-09-12","22","3","4","10","3","130.33","9","44","1","1"
"2026-09-12 23:00:00","2026-09-13 00:00:00","2026-09-12","23","3","2","11","6","142.17","9","44","2","1"
"2026-09-13 00:00:00","2026-09-13 01:00:00","2026-09-13","0","1","6","6","1","191","6","44","1","1"
"2026-09-13 01:00:00","2026-09-13 02:00:00","2026-09-13","1","1","3","4","0","0","4","44","0","1"
"2026-09-13 02:00:00","2026-09-13 03:00:00","2026-09-13","2","1","2","3","1","176","3","44","0","1"
"2026-09-13 03:00:00","2026-09-13 04:00:00","2026-09-13","3","3","1","5","1","236","5","44","0","1"
"2026-09-13 04:00:00","2026-09-13 05:00:00","2026-09-13","4","3","2","6","1","29","5","44","0","1"
"2026-09-13 05:00:00","2026-09-13 06:00:00","2026-09-13","5","3","1","8","3","96.67","6","44","0","1"
"2026-09-13 06:00:00","2026-09-13 07:00:00","2026-09-13","6","3","2","9","2","93.5","8","44","0","1"
"2026-09-13 07:00:00","2026-09-13 08:00:00","2026-09-13","7","3","4","8","1","16","7","44","0","1"
"2026-09-13 08:00:00","2026-09-13 09:00:00","2026-09-13","8","3","3","8","0","0","8","44","0","1"
"2026-09-13 09:00:00","2026-09-13 10:00:00","2026-09-13","9","5","4","9","4","34","6","44","1","1"
"2026-09-13 10:00:00","2026-09-13 11:00:00","2026-09-13","10","4","1","12","4","107","10","44","2","1"
"2026-09-13 11:00:00","2026-09-13 12:00:00","2026-09-13","11","6","3","15","6","100.33","11","44","2","1"
"2026-09-13 12:00:00","2026-09-13 13:00:00","2026-09-13","12","4","5","14","4","57.75","11","44","0","1"
"2026-09-13 13:00:00","2026-09-13 14:00:00","2026-09-13","13","3","4","13","1","235","13","44","0","1"
"2026-09-13 14:00:00","2026-09-13 15:00:00","2026-09-13","14","3","8","8","4","31.5","4","44","0","1"
"2026-09-13 15:00:00","2026-09-13 16:00:00","2026-09-13","15","6","2","12","3","124.33","11","44","0","1"
"2026-09-13 16:00:00","2026-09-13 17:00:00","2026-09-13","16","6","1","17","10","73.8","10","44","1","1"
"2026-09-13 17:00:00","2026-09-13 18:00:00","2026-09-13","17","4","3","18","6","214","18","44","1","1"
"2026-09-13 18:00:00","2026-09-13 19:00:00","2026-09-13","18","5","7","16","4","128.25","14","44","0","1"
"2026-09-13 19:00:00","2026-09-13 20:00:00","2026-09-13","19","5","6","15","6","98.5","12","44","1","1"
"2026-09-13 20:00:00","2026-09-13 21:00:00","2026-09-13","20","5","5","15","4","167.5","14","44","1","1"
"2026-09-13 21:00:00","2026-09-13 22:00:00","2026-09-13","21","6","7","14","4","138.5","12","44","1","1"
"2026-09-13 22:00:00","2026-09-13 23:00:00","2026-09-13","22","5","7","12","2","15.5","10","44","0","1"
"2026-09-13 23:00:00","2026-09-14 00:00:00","2026-09-13","23","6","7","11","4","44.75","8","44","1","1"
"2026-09-14 00:00:00","2026-09-14 01:00:00","2026-09-14","0","1","2","10","2","107.5","9","44","1","1"
"2026-09-14 01:00:00","2026-09-14 02:00:00","2026-09-14","1","3","5","8","4","155","7","44","0","1"
"2026-09-14 02:00:00","2026-09-14 03:00:00","2026-09-14","2","2","3","7","1","1","6","44","0","1"
"2026-09-14 03:00:00","2026-09-14 04:00:00","2026-09-14","3","3","4","6","1","27","5","44","0","1"
"2026-09-14 04:00:00","2026-09-14 05:00:00","2026-09-14","4","3","1","8","0","0","8","44","0","1"
"2026-09-14 05:00:00","2026-09-14 06:00:00","2026-09-14","5","1","3","6","1","181","6","44","0","1"
"2026-09-14 06:00:00","2026-09-14 07:00:00","2026-09-14","6","1","3","4","3","138.67","3","44","0","1"
"2026-09-14 07:00:00","2026-09-14 08:00:00","2026-09-14","7","4","1","7","2","115.5","6","44","0","1"
"2026-09-14 08:00:00","2026-09-14 09:00:00","2026-09-14","8","5","4","8","2","10.5","6","44","0","1"
"2026-09-14 09:00:00","2026-09-14 10:00:00","2026-09-14","9","5","2","11","2","19.5","9","44","0","1"
"2026-09-14 10:00:00","2026-09-14 11:00:00","2026-09-14","10","3","3","11","2","17.5","9","44","0","1"
"2026-09-14 11:00:00","2026-09-14 12:00:00","2026-09-14","11","3","4","10","3","75.67","8","44","0","1"
"2026-09-14 12:00:00","2026-09-14 13:00:00","2026-09-14","12","6","4","12","2","208.5","12","44","0","1"
"2026-09-14 13:00:00","2026-09-14 14:00:00","2026-09-14","13","5","1","16","6","98","12","44","0","1"
"2026-09-14 14:00:00","2026-09-14 15:00:00","2026-09-14","14","3","9","10","5","120.2","7","44","0","1"
"2026-09-14 15:00:00","2026-09-14 16:00:00","2026-09-14","15","6","3","13","6","108.83","10","44","0","1"
"2026-09-14 16:00:00","2026-09-14 17:00:00","2026-09-14","16","3","3","13","3","265.33","13","44","0","1"
"2026-09-14 17:00:00","2026-09-14 18:00:00","2026-09-14","17","3","7","9","2","88.5","8","44","0","1"
"2026-09-14 18:00:00","2026-09-14 19:00:00","2026-09-14","18","6","3","12","2","238.5","12","44","0","1"
"2026-09-14 19:00:00","2026-09-14 20:00:00","2026-09-14","19","6","6","12","4","148.25","10","44","0","1"
"2026-09-14 20:00:00","2026-09-14 21:00:00","2026-09-14","20","6","3","15","6","62.17","10","44","0","1"
"2026-09-14 21:00:00","2026-09-14 22:00:00","2026-09-14","21","5","5","15","6","85.83","11","44","0","1"
"2026-09-14 22:00:00","2026-09-14 23:00:00","2026-09-14","22","4","3","16","3","107.67","14","44","0","1"
"2026-09-14 23:00:00","2026-09-15 00:00:00","2026-09-14","23","4","8","12","2","64.5","11","44","1","1"
"2026-09-15 00:00:00","2026-09-15 01:00:00","2026-09-15","0","2","6","8","1","185","8","44","0","1"
"2026-09-15 01:00:00","2026-09-15 02:00:00","2026-09-15","1","1","3","6","1","245","6","44","0","1"
"2026-09-15 02:00:00","2026-09-15 03:00:00","2026-09-15","2","3","5","4","1","37","3","44","0","1"
"2026-09-15 03:00:00","2026-09-15 04:00:00","2026-09-15","3","1","0","5","0","0","5","44","0","1"
"2026-09-15 04:00:00","2026-09-15 05:00:00","2026-09-15","4","2","0","7","2","180","7","44","2","1"
"2026-09-15 05:00:00","2026-09-15 06:00:00","2026-09-15","5","2","3","6","1","208","6","44","1","1"
"2026-09-15 06:00:00","2026-09-15 07:00:00","2026-09-15","6","3","4","5","1","9","4","44","0","1"
"2026-09-15 07:00:00","2026-09-15 08:00:00","2026-09-15","7","3","2","6","2","21","4","44","0","1"
"2026-09-15 08:00:00","2026-09-15 09:00:00","2026-09-15","8","4","2","8","2","28.5","6","44","0","1"
"2026-09-15 09:00:00","2026-09-15 10:00:00","2026-09-15","9","4","2","10","2","52.5","9","44","1","1"
"2026-09-15 10:00:00","2026-09-15 11:00:00","2026-09-15","10","5","4","11","4","47.75","8","44","1","1"
"2026-09-15 11:00:00","2026-09-15 12:00:00","2026-09-15","11","3","3","11","3","195.33","11","44","1","1"
"2026-09-15 12:00:00","2026-09-15 13:00:00","2026-09-15","12","3","4","10","3","143.33","9","44","0","1"
"2026-09-15 13:00:00","2026-09-15 14:00:00","2026-09-15","13","4","2","12","5","116.2","9","44","0","1"
"2026-09-15 14:00:00","2026-09-15 15:00:00","2026-09-15","14","6","7","11","5","14.2","6","44","0","1"
"2026-09-15 15:00:00","2026-09-15 16:00:00","2026-09-15","15","3","3","11","5","111.8","9","44","1","1"
"2026-09-15 16:00:00","2026-09-15 17:00:00","2026-09-15","16","6","2","15","6","124.67","12","44","1","1"
"2026-09-15 17:00:00","2026-09-15 18:00:00","2026-09-15","17","4","7","12","3","61.33","10","44","0","1"
"2026-09-15 18:00:00","2026-09-15 19:00:00","2026-09-15","18","6","5","13","5","49.2","9","44","0","1"
"2026-09-15 19:00:00","2026-09-15 20:00:00","2026-09-15","19","5","6","12","3","6.67","9","44","0","1"
"2026-09-15 20:00:00","2026-09-15 21:00:00","2026-09-15","20","3","2","13","1","23","12","44","0","1"
"2026-09-15 21:00:00","2026-09-15 22:00:00","2026-09-15","21","5","4","14","4","59.25","11","44","0","1"
"2026-09-15 22:00:00","2026-09-15 23:00:00","2026-09-15","22","4","2","16","5","174.2","15","44","0","1"
"2026-09-15 23:00:00","2026-09-16 00:00:00","2026-09-15","23","5","8","13","6","98","9","44","0","1"
"2026-09-16 00:00:00","2026-09-16 01:00:00","2026-09-16","0","2","5","10","1","299","10","44","0","1"
"2026-09-16 01:00:00","2026-09-16 02:00:00","2026-09-16","1","3","3","10","3","132.67","9","44","0","1"
"2026-09-16 02:00:00","2026-09-16 03:00:00","2026-09-16","2","1","4","7","3","232","7","44","0","1"
"2026-09-16 03:00:00","2026-09-16 04:00:00","2026-09-16","3","1","4","4","2","270.5","4","44","0","1"
"2026-09-16 04:00:00","2026-09-16 05:00:00","2026-09-16","4","3","3","4","0","0","4","44","0","1"
"2026-09-16 05:00:00","2026-09-16 06:00:00","2026-09-16","5","1","1","4","1","37","3","44","0","1"
"2026-09-16 06:00:00","2026-09-16 07:00:00","2026-09-16","6","1","1","4","2","83.5","3","44","0","1"
"2026-09-16 07:00:00","2026-09-16 08:00:00","2026-09-16","7","4","2","6","2","14","4","44","0","1"
"2026-09-16 08:00:00","2026-09-16 09:00:00","2026-09-16","8","4","1","9","2","25.5","7","44","0","1"
"2026-09-16 09:00:00","2026-09-16 10:00:00","2026-09-16","9","3","2","10","0","0","10","44","0","1"
"2026-09-16 10:00:00","2026-09-16 11:00:00","2026-09-16","10","3","5","8","2","101","7","44","0","1"
"2026-09-16 11:00:00","2026-09-16 12:00:00","2026-09-16","11","4","1","11","4","98.25","9","44","0","1"
"2026-09-16 12:00:00","2026-09-16 13:00:00","2026-09-16","12","6","2","15","7","132.29","12","44","0","1"
"2026-09-16 13:00:00","2026-09-16 14:00:00","2026-09-16","13","4","4","15","6","120.5","12","44","0","1"
"2026-09-16 14:00:00","2026-09-16 15:00:00","2026-09-16","14","5","9","11","2","116","10","44","0","1"
"2026-09-16 15:00:00","2026-09-16 16:00:00","2026-09-16","15","6","2","15","1","212","15","44","0","1"
"2026-09-16 16:00:00","2026-09-16 17:00:00","2026-09-16","16","6","5","16","3","60.67","14","44","0","1"
"2026-09-16 17:00:00","2026-09-16 18:00:00","2026-09-16","17","4","5","15","7","119.29","12","44","0","1"
"2026-09-16 18:00:00","2026-09-16 19:00:00","2026-09-16","18","3","3","15","7","159.57","13","44","0","1"
"2026-09-16 19:00:00","2026-09-16 20:00:00","2026-09-16","19","6","6","15","7","139","12","44","1","1"
"2026-09-16 20:00:00","2026-09-16 21:00:00","2026-09-16","20","3","3","15","6","153.33","13","44","0","1"
"2026-09-16 21:00:00","2026-09-16 22:00:00","2026-09-16","21","6","6","15","5","81.8","12","44","0","1"
"2026-09-16 22:00:00","2026-09-16 23:00:00","2026-09-16","22","4","4","15","5","156.2","14","44","2","1"
"2026-09-16 23:00:00","2026-09-17 00:00:00","2026-09-16","23","3","6","12","5","182.2","11","44","1","1"
"2026-09-17 00:00:00","2026-09-17 01:00:00","2026-09-17","0","2","5","9","2","236","9","44","0","1"
"2026-09-17 01:00:00","2026-09-17 02:00:00","2026-09-17","1","2","6","5","2","67.5","4","44","0","1"
"2026-09-17 02:00:00","2026-09-17 03:00:00","2026-09-17","2","3","1","7","2","103.5","6","44","0","1"
"2026-09-17 03:00:00","2026-09-17 04:00:00","2026-09-17","3","2","0","9","2","224.5","9","44","1","1"
"2026-09-17 04:00:00","2026-09-17 05:00:00","2026-09-17","4","2","6","5","1","260","5","44","1","1"
"2026-09-17 05:00:00","2026-09-17 06:00:00","2026-09-17","5","3","1","7","2","176","6","44","1","1"
"2026-09-17 06:00:00","2026-09-17 07:00:00","2026-09-17","6","2","2","7","4","102.75","5","44","0","1"
"2026-09-17 07:00:00","2026-09-17 08:00:00","2026-09-17","7","5","2","10","4","94","8","44","0","1"
"2026-09-17 08:00:00","2026-09-17 09:00:00","2026-09-17","8","3","1","12","2","241","12","44","0","1"
"2026-09-17 09:00:00","2026-09-17 10:00:00","2026-09-17","9","3","6","9","3","171","9","44","0","1"
"2026-09-17 10:00:00","2026-09-17 11:00:00","2026-09-17","10","9","3","15","10","89.5","8","44","0","1"
"2026-09-17 11:00:00","2026-09-17 12:00:00","2026-09-17","11","9","4","20","9","60.44","12","44","0","1"
"2026-09-17 12:00:00","2026-09-17 13:00:00","2026-09-17","12","8","4","24","4","16","20","44","0","1"
"2026-09-17 13:00:00","2026-09-17 14:00:00","2026-09-17","13","9","5","28","10","26.9","18","44","0","1"
"2026-09-17 14:00:00","2026-09-17 15:00:00","2026-09-17","14","10","5","33","8","103.75","28","44","0","1"
"2026-09-17 15:00:00","2026-09-17 16:00:00","2026-09-17","15","10","6","37","11","143.91","31","44","1","1"
"2026-09-17 16:00:00","2026-09-17 17:00:00","2026-09-17","16","8","8","37","13","178","30","44","0","1"
"2026-09-17 17:00:00","2026-09-17 18:00:00","2026-09-17","17","7","11","33","10","225.5","29","44","1","1"
"2026-09-17 18:00:00","2026-09-17 19:00:00","2026-09-17","18","9","11","31","13","197","25","44","2","1"
"2026-09-17 19:00:00","2026-09-17 20:00:00","2026-09-17","19","10","8","33","13","130","26","44","2","1"
"2026-09-17 20:00:00","2026-09-17 21:00:00","2026-09-17","20","8","9","32","11","187","28","44","2","1"
"2026-09-17 21:00:00","2026-09-17 22:00:00","2026-09-17","21","10","8","34","14","100.86","24","44","1","1"
"2026-09-17 22:00:00","2026-09-17 23:00:00","2026-09-17","22","4","13","25","4","153","23","44","1","1"
"2026-09-17 23:00:00","2026-09-18 00:00:00","2026-09-17","23","6","7","24","7","59","19","44","0","1"
"2026-09-18 00:00:00","2026-09-18 01:00:00","2026-09-18","0","3","8","19","6","207","19","44","0","1"
"2026-09-18 01:00:00","2026-09-18 02:00:00","2026-09-18","1","1","4","16","6","220.67","15","44","0","1"
"2026-09-18 02:00:00","2026-09-18 03:00:00","2026-09-18","2","2","8","10","7","223.43","9","44","0","1"
"2026-09-18 03:00:00","2026-09-18 04:00:00","2026-09-18","3","1","4","7","4","333.75","7","44","0","1"
"2026-09-18 04:00:00","2026-09-18 05:00:00","2026-09-18","4","3","4","6","3","107.67","4","44","0","1"
"2026-09-18 05:00:00","2026-09-18 06:00:00","2026-09-18","5","1","3","4","0","0","4","44","0","1"
"2026-09-18 06:00:00","2026-09-18 07:00:00","2026-09-18","6","1","2","3","1","34","2","44","0","1"
"2026-09-18 07:00:00","2026-09-18 08:00:00","2026-09-18","7","5","1","7","2","73","6","44","1","1"
"2026-09-18 08:00:00","2026-09-18 09:00:00","2026-09-18","8","5","0","12","4","89","10","44","1","1"
"2026-09-18 09:00:00","2026-09-18 10:00:00","2026-09-18","9","3","3","12","4","94.5","10","44","0","1"
"2026-09-18 10:00:00","2026-09-18 11:00:00","2026-09-18","10","9","3","18","9","82.11","12","44","1","1"
"2026-09-18 11:00:00","2026-09-18 12:00:00","2026-09-18","11","9","5","22","6","42.33","17","44","1","1"
"2026-09-18 12:00:00","2026-09-18 13:00:00","2026-09-18","12","7","6","23","4","8.25","19","44","0","1"
"2026-09-18 13:00:00","2026-09-18 14:00:00","2026-09-18","13","7","8","22","6","59.5","17","44","0","1"
"2026-09-18 14:00:00","2026-09-18 15:00:00","2026-09-18","14","8","6","24","6","92","20","44","0","1"
"2026-09-18 15:00:00","2026-09-18 16:00:00","2026-09-18","15","9","7","26","11","87.73","17","44","0","1"
"2026-09-18 16:00:00","2026-09-18 17:00:00","2026-09-18","16","7","3","30","10","127.8","24","44","0","1"
"2026-09-18 17:00:00","2026-09-18 18:00:00","2026-09-18","17","8","10","28","10","158.6","23","44","0","1"
"2026-09-18 18:00:00","2026-09-18 19:00:00","2026-09-18","18","8","6","30","10","152.2","24","44","0","1"
"2026-09-18 19:00:00","2026-09-18 20:00:00","2026-09-18","19","8","6","32","12","173.92","26","44","0","1"
"2026-09-18 20:00:00","2026-09-18 21:00:00","2026-09-18","20","7","11","28","11","138.45","22","44","0","1"
"2026-09-18 21:00:00","2026-09-18 22:00:00","2026-09-18","21","8","4","32","9","179.11","28","44","0","1"
"2026-09-18 22:00:00","2026-09-18 23:00:00","2026-09-18","22","4","8","28","10","200.5","24","44","0","1"
"2026-09-18 23:00:00","2026-09-19 00:00:00","2026-09-18","23","6","7","27","8","183.13","23","44","0","1"
"2026-09-19 00:00:00","2026-09-19 01:00:00","2026-09-19","0","2","7","22","7","277.57","22","44","2","1"
"2026-09-19 01:00:00","2026-09-19 02:00:00","2026-09-19","1","3","8","17","10","276.7","16","44","2","1"
"2026-09-19 02:00:00","2026-09-19 03:00:00","2026-09-19","2","3","7","13","7","230.57","11","44","3","1"
"2026-09-19 03:00:00","2026-09-19 04:00:00","2026-09-19","3","2","6","9","3","261.33","9","44","2","1"
"2026-09-19 04:00:00","2026-09-19 05:00:00","2026-09-19","4","3","4","8","3","85.33","6","44","0","1"
"2026-09-19 05:00:00","2026-09-19 06:00:00","2026-09-19","5","1","3","6","1","154","6","44","1","1"
"2026-09-19 06:00:00","2026-09-19 07:00:00","2026-09-19","6","1","3","4","2","118.5","3","44","1","1"
"2026-09-19 07:00:00","2026-09-19 08:00:00","2026-09-19","7","4","3","5","2","10.5","3","44","0","1"
"2026-09-19 08:00:00","2026-09-19 09:00:00","2026-09-19","8","5","1","9","2","16","7","44","0","1"
"2026-09-19 09:00:00","2026-09-19 10:00:00","2026-09-19","9","5","2","12","1","28","11","44","0","1"
"2026-09-19 10:00:00","2026-09-19 11:00:00","2026-09-19","10","5","3","14","6","103.5","11","44","0","1"
"2026-09-19 11:00:00","2026-09-19 12:00:00","2026-09-19","11","5","3","16","5","130.8","14","44","1","1"
"2026-09-19 12:00:00","2026-09-19 13:00:00","2026-09-19","12","5","6","15","5","105.8","13","44","0","1"
"2026-09-19 13:00:00","2026-09-19 14:00:00","2026-09-19","13","5","4","16","5","174.4","15","44","0","1"
"2026-09-19 14:00:00","2026-09-19 15:00:00","2026-09-19","14","4","6","14","3","147","13","44","0","1"
"2026-09-19 15:00:00","2026-09-19 16:00:00","2026-09-19","15","4","7","11","4","134","9","44","0","1"
"2026-09-19 16:00:00","2026-09-19 17:00:00","2026-09-19","16","3","5","9","4","127.25","7","44","1","1"
"2026-09-19 17:00:00","2026-09-19 18:00:00","2026-09-19","17","6","2","13","4","108.75","11","44","1","1"
"2026-09-19 18:00:00","2026-09-19 19:00:00","2026-09-19","18","4","2","15","4","138","13","44","0","1"
"2026-09-19 19:00:00","2026-09-19 20:00:00","2026-09-19","19","5","6","14","7","89.43","10","44","0","1"
"2026-09-19 20:00:00","2026-09-19 21:00:00","2026-09-19","20","4","6","12","3","167","11","44","0","1"
"2026-09-19 21:00:00","2026-09-19 22:00:00","2026-09-19","21","3","5","10","3","44","8","44","0","1"
"2026-09-19 22:00:00","2026-09-19 23:00:00","2026-09-19","22","6","2","14","4","96","12","44","0","1"
"2026-09-19 23:00:00","2026-09-20 00:00:00","2026-09-19","23","6","5","15","5","63.6","11","44","0","1"
"2026-09-20 00:00:00","2026-09-20 01:00:00","2026-09-20","0","3","4","14","1","185","14","44","0","1"
"2026-09-20 01:00:00","2026-09-20 02:00:00","2026-09-20","1","2","4","12","3","153.67","11","44","0","1"
"2026-09-20 02:00:00","2026-09-20 03:00:00","2026-09-20","2","2","7","7","1","274","7","44","0","1"
"2026-09-20 03:00:00","2026-09-20 04:00:00","2026-09-20","3","2","5","4","2","120.5","3","44","0","1"
"2026-09-20 04:00:00","2026-09-20 05:00:00","2026-09-20","4","3","2","5","2","13.5","3","44","0","1"
"2026-09-20 05:00:00","2026-09-20 06:00:00","2026-09-20","5","2","0","7","2","87","6","44","0","1"
"2026-09-20 06:00:00","2026-09-20 07:00:00","2026-09-20","6","3","3","7","3","85.33","5","44","0","1"
"2026-09-20 07:00:00","2026-09-20 08:00:00","2026-09-20","7","5","3","9","1","10","8","44","0","1"
"2026-09-20 08:00:00","2026-09-20 09:00:00","2026-09-20","8","4","3","10","1","9","9","44","0","1"
"2026-09-20 09:00:00","2026-09-20 10:00:00","2026-09-20","9","3","5","8","1","12","7","44","0","1"
"2026-09-20 10:00:00","2026-09-20 11:00:00","2026-09-20","10","5","2","11","3","131.33","10","44","1","1"
"2026-09-20 11:00:00","2026-09-20 12:00:00","2026-09-20","11","4","3","12","2","92.5","11","44","1","1"
"2026-09-20 12:00:00","2026-09-20 13:00:00","2026-09-20","12","5","3","14","5","122.6","12","44","1","1"
"2026-09-20 13:00:00","2026-09-20 14:00:00","2026-09-20","13","3","6","11","3","218","11","44","0","1"
"2026-09-20 14:00:00","2026-09-20 15:00:00","2026-09-20","14","3","5","9","2","162","9","44","0","1"
"2026-09-20 15:00:00","2026-09-20 16:00:00","2026-09-20","15","3","4","8","3","64.67","6","44","0","1"
"2026-09-20 16:00:00","2026-09-20 17:00:00","2026-09-20","16","5","2","11","4","49.25","8","44","0","1"
"2026-09-20 17:00:00","2026-09-20 18:00:00","2026-09-20","17","5","3","13","3","81","11","44","0","1"
"2026-09-20 18:00:00","2026-09-20 19:00:00","2026-09-20","18","4","4","13","2","115","11","44","0","1"
"2026-09-20 19:00:00","2026-09-20 20:00:00","2026-09-20","19","6","2","17","6","136.17","15","44","1","1"
"2026-09-20 20:00:00","2026-09-20 21:00:00","2026-09-20","20","5","7","15","3","224.33","15","44","1","1"
"2026-09-20 21:00:00","2026-09-20 22:00:00","2026-09-20","21","5","4","16","4","173.5","15","44","1","1"
"2026-09-20 22:00:00","2026-09-20 23:00:00","2026-09-20","22","4","7","13","4","109","11","44","0","1"
"2026-09-20 23:00:00","2026-09-21 00:00:00","2026-09-20","23","6","5","14","6","104.17","11","44","1","1"
"2026-09-21 00:00:00","2026-09-21 01:00:00","2026-09-21","0","2","3","13","3","219.33","13","44","1","1"
"2026-09-21 01:00:00","2026-09-21 02:00:00","2026-09-21","1","2","10","5","1","269","5","44","0","1"
"2026-09-21 02:00:00","2026-09-21 03:00:00","2026-09-21","2","1","2","4","1","23","3","44","0","1"
"2026-09-21 03:00:00","2026-09-21 04:00:00","2026-09-21","3","3","2","5","0","0","5","44","0","1"
"2026-09-21 04:00:00","2026-09-21 05:00:00","2026-09-21","4","2","3","4","1","24","3","44","0","1"
"2026-09-21 05:00:00","2026-09-21 06:00:00","2026-09-21","5","3","0","7","3","65.67","5","44","0","1"
"2026-09-21 06:00:00","2026-09-21 07:00:00","2026-09-21","6","2","2","7","2","67.5","6","44","1","1"
"2026-09-21 07:00:00","2026-09-21 08:00:00","2026-09-21","7","5","2","10","5","72.6","7","44","2","1"
"2026-09-21 08:00:00","2026-09-21 09:00:00","2026-09-21","8","4","4","10","2","23.5","8","44","0","1"
"2026-09-21 09:00:00","2026-09-21 10:00:00","2026-09-21","9","4","2","12","4","37.75","9","44","1","1"
"2026-09-21 10:00:00","2026-09-21 11:00:00","2026-09-21","10","4","3","13","3","137.67","12","44","1","1"
"2026-09-21 11:00:00","2026-09-21 12:00:00","2026-09-21","11","6","4","15","6","121.33","12","44","1","1"
"2026-09-21 12:00:00","2026-09-21 13:00:00","2026-09-21","12","6","7","14","4","14","10","44","0","1"
"2026-09-21 13:00:00","2026-09-21 14:00:00","2026-09-21","13","6","6","14","3","54","12","44","1","1"
"2026-09-21 14:00:00","2026-09-21 15:00:00","2026-09-21","14","4","3","15","3","111","14","44","1","1"
"2026-09-21 15:00:00","2026-09-21 16:00:00","2026-09-21","15","6","5","16","8","91","11","44","1","1"
"2026-09-21 16:00:00","2026-09-21 17:00:00","2026-09-21","16","3","8","11","2","253","11","44","0","1"
"2026-09-21 17:00:00","2026-09-21 18:00:00","2026-09-21","17","3","5","9","0","0","9","44","0","1"
"2026-09-21 18:00:00","2026-09-21 19:00:00","2026-09-21","18","4","3","10","5","81.8","7","44","0","1"
"2026-09-21 19:00:00","2026-09-21 20:00:00","2026-09-21","19","5","2","13","6","139.67","11","44","0","1"
"2026-09-21 20:00:00","2026-09-21 21:00:00","2026-09-21","20","4","3","14","5","141.8","12","44","0","1"
"2026-09-21 21:00:00","2026-09-21 22:00:00","2026-09-21","21","3","7","10","2","187.5","10","44","0","1"
"2026-09-21 22:00:00","2026-09-21 23:00:00","2026-09-21","22","4","3","11","5","99.4","8","44","0","1"
"2026-09-21 23:00:00","2026-09-22 00:00:00","2026-09-21","23","3","6","8","1","33","7","44","0","1"
"2026-09-22 00:00:00","2026-09-22 01:00:00","2026-09-22","0","2","1","9","2","112","8","44","0","1"
"2026-09-22 01:00:00","2026-09-22 02:00:00","2026-09-22","1","2","5","6","3","162.67","5","44","0","1"
"2026-09-22 02:00:00","2026-09-22 03:00:00","2026-09-22","2","2","1","7","3","207.33","6","44","0","1"
"2026-09-22 03:00:00","2026-09-22 04:00:00","2026-09-22","3","3","3","7","2","73","6","44","0","1"
"2026-09-22 04:00:00","2026-09-22 05:00:00","2026-09-22","4","2","1","8","3","64.33","6","44","0","1"
"2026-09-22 05:00:00","2026-09-22 06:00:00","2026-09-22","5","1","5","4","1","161","4","44","0","1"
"2026-09-22 06:00:00","2026-09-22 07:00:00","2026-09-22","6","2","2","4","2","120","3","44","0","1"
"2026-09-22 07:00:00","2026-09-22 08:00:00","2026-09-22","7","3","1","6","3","12","3","44","0","1"
"2026-09-22 08:00:00","2026-09-22 09:00:00","2026-09-22","8","6","1","11","2","78","10","44","0","1"
"2026-09-22 09:00:00","2026-09-22 10:00:00","2026-09-22","9","6","2","15","4","58.75","12","44","0","1"
"2026-09-22 10:00:00","2026-09-22 11:00:00","2026-09-22","10","4","6","13","3","147.67","12","44","0","1"
"2026-09-22 11:00:00","2026-09-22 12:00:00","2026-09-22","11","4","3","14","5","110.4","12","44","0","1"
"2026-09-22 12:00:00","2026-09-22 13:00:00","2026-09-22","12","4","6","12","5","132.4","10","44","1","1"
"2026-09-22 13:00:00","2026-09-22 14:00:00","2026-09-22","13","3","3","12","3","92.33","10","44","1","1"
"2026-09-22 14:00:00","2026-09-22 15:00:00","2026-09-22","14","5","6","11","3","94","10","44","0","1"
"2026-09-22 15:00:00","2026-09-22 16:00:00","2026-09-22","15","3","3","11","4","107.5","9","44","0","1"
"2026-09-22 16:00:00","2026-09-22 17:00:00","2026-09-22","16","6","3","14","4","119","12","44","0","1"
"2026-09-22 17:00:00","2026-09-22 18:00:00","2026-09-22","17","3","5","12","4","119.75","10","44","0","1"
"2026-09-22 18:00:00","2026-09-22 19:00:00","2026-09-22","18","4","5","11","4","105.75","8","44","1","1"
"2026-09-22 19:00:00","2026-09-22 20:00:00","2026-09-22","19","4","4","11","4","108.75","9","44","1","1"
"2026-09-22 20:00:00","2026-09-22 21:00:00","2026-09-22","20","4","5","10","4","67.5","7","44","0","1"
"2026-09-22 21:00:00","2026-09-22 22:00:00","2026-09-22","21","5","4","11","3","12.33","8","44","0","1"
"2026-09-22 22:00:00","2026-09-22 23:00:00","2026-09-22","22","5","3","13","2","81","12","44","0","1"
"2026-09-22 23:00:00","2026-09-23 00:00:00","2026-09-22","23","6","5","14","4","89.5","12","44","0","1"
"2026-09-23 00:00:00","2026-09-23 01:00:00","2026-09-23","0","2","2","14","3","137.33","13","44","0","1"
"2026-09-23 01:00:00","2026-09-23 02:00:00","2026-09-23","1","2","7","9","2","184.5","8","44","0","1"
"2026-09-23 02:00:00","2026-09-23 03:00:00","2026-09-23","2","3","3","9","4","162.5","8","44","0","1"
"2026-09-23 03:00:00","2026-09-23 04:00:00","2026-09-23","3","3","3","9","3","181","8","44","0","1"
"2026-09-23 04:00:00","2026-09-23 05:00:00","2026-09-23","4","3","5","7","1","28","6","44","0","1"
"2026-09-23 05:00:00","2026-09-23 06:00:00","2026-09-23","5","2","1","8","2","99","7","44","0","1"
"2026-09-23 06:00:00","2026-09-23 07:00:00","2026-09-23","6","1","4","5","1","181","5","44","0","1"
"2026-09-23 07:00:00","2026-09-23 08:00:00","2026-09-23","7","4","2","7","2","94","6","44","1","1"
"2026-09-23 08:00:00","2026-09-23 09:00:00","2026-09-23","8","5","1","11","4","128.5","9","44","1","1"
"2026-09-23 09:00:00","2026-09-23 10:00:00","2026-09-23","9","4","3","12","4","167.25","11","44","1","1"
"2026-09-23 10:00:00","2026-09-23 11:00:00","2026-09-23","10","4","5","11","3","130.67","10","44","0","1"
"2026-09-23 11:00:00","2026-09-23 12:00:00","2026-09-23","11","5","1","15","4","134.25","13","44","0","1"
"2026-09-23 12:00:00","2026-09-23 13:00:00","2026-09-23","12","6","9","12","3","11.33","9","44","0","1"
"2026-09-23 13:00:00","2026-09-23 14:00:00","2026-09-23","13","4","4","12","2","15","10","44","0","1"
"2026-09-23 14:00:00","2026-09-23 15:00:00","2026-09-23","14","6","5","13","3","18.67","10","44","0","1"
"2026-09-23 15:00:00","2026-09-23 16:00:00","2026-09-23","15","3","4","12","2","108","11","44","0","1"
"2026-09-23 16:00:00","2026-09-23 17:00:00","2026-09-23","16","5","5","12","3","156","11","44","0","1"
"2026-09-23 17:00:00","2026-09-23 18:00:00","2026-09-23","17","3","2","13","5","191.8","13","44","1","1"
"2026-09-23 18:00:00","2026-09-23 19:00:00","2026-09-23","18","4","6","11","2","174","11","44","1","1"
"2026-09-23 19:00:00","2026-09-23 20:00:00","2026-09-23","19","6","6","11","3","84","9","44","0","1"
"2026-09-23 20:00:00","2026-09-23 21:00:00","2026-09-23","20","6","2","15","4","9.25","11","44","0","1"
"2026-09-23 21:00:00","2026-09-23 22:00:00","2026-09-23","21","4","6","13","3","138","12","44","1","1"
"2026-09-23 22:00:00","2026-09-23 23:00:00","2026-09-23","22","3","4","12","3","188","12","44","0","1"
"2026-09-23 23:00:00","2026-09-24 00:00:00","2026-09-23","23","5","5","12","7","92.86","8","44","1","1"
"2026-09-24 00:00:00","2026-09-24 01:00:00","2026-09-24","0","1","4","9","3","184.33","8","44","1","1"
"2026-09-24 01:00:00","2026-09-24 02:00:00","2026-09-24","1","2","5","6","1","23","5","44","0","1"
"2026-09-24 02:00:00","2026-09-24 03:00:00","2026-09-24","2","1","3","4","0","0","4","44","0","1"
"2026-09-24 03:00:00","2026-09-24 04:00:00","2026-09-24","3","3","2","5","1","17","4","44","0","1"
"2026-09-24 04:00:00","2026-09-24 05:00:00","2026-09-24","4","1","2","4","0","0","4","44","0","1"
"2026-09-24 05:00:00","2026-09-24 06:00:00","2026-09-24","5","3","1","6","2","95.5","5","44","0","1"
"2026-09-24 06:00:00","2026-09-24 07:00:00","2026-09-24","6","1","0","7","3","147","6","44","0","1"
"2026-09-24 07:00:00","2026-09-24 08:00:00","2026-09-24","7","3","0","10","6","180","9","44","1","1"
"2026-09-24 08:00:00","2026-09-24 09:00:00","2026-09-24","8","3","5","8","4","125.25","6","44","1","1"
"2026-09-24 09:00:00","2026-09-24 10:00:00","2026-09-24","9","3","3","8","4","42.5","5","44","0","1"
"2026-09-24 10:00:00","2026-09-24 11:00:00","2026-09-24","10","10","1","17","9","54.67","10","44","0","1"
"2026-09-24 11:00:00","2026-09-24 12:00:00","2026-09-24","11","7","2","22","7","111.43","18","44","0","1"
"2026-09-24 12:00:00","2026-09-24 13:00:00","2026-09-24","12","7","4","25","8","76.75","19","44","1","1"
"2026-09-24 13:00:00","2026-09-24 14:00:00","2026-09-24","13","10","8","27","4","79","24","44","0","1"
"2026-09-24 14:00:00","2026-09-24 15:00:00","2026-09-24","14","9","7","29","10","76.4","21","44","0","1"
"2026-09-24 15:00:00","2026-09-24 16:00:00","2026-09-24","15","8","10","27","8","85","21","44","0","1"
"2026-09-24 16:00:00","2026-09-24 17:00:00","2026-09-24","16","8","6","29","10","96.1","21","44","0","1"
"2026-09-24 17:00:00","2026-09-24 18:00:00","2026-09-24","17","9","5","33","13","135.15","26","44","1","1"
"2026-09-24 18:00:00","2026-09-24 19:00:00","2026-09-24","18","8","7","34","12","181.83","29","44","1","1"
"2026-09-24 19:00:00","2026-09-24 20:00:00","2026-09-24","19","7","12","29","10","160.5","24","44","0","1"
"2026-09-24 20:00:00","2026-09-24 21:00:00","2026-09-24","20","10","8","31","16","127.69","21","44","0","1"
"2026-09-24 21:00:00","2026-09-24 22:00:00","2026-09-24","21","10","7","34","11","110.73","26","44","0","1"
"2026-09-24 22:00:00","2026-09-24 23:00:00","2026-09-24","22","3","7","30","9","192.22","28","44","1","1"
"2026-09-24 23:00:00","2026-09-25 00:00:00","2026-09-24","23","5","9","26","9","195.89","24","44","1","1"
"2026-09-25 00:00:00","2026-09-25 01:00:00","2026-09-25","0","1","10","17","8","277","17","44","2","1"
"2026-09-25 01:00:00","2026-09-25 02:00:00","2026-09-25","1","3","5","15","9","266.11","14","44","1","1"
"2026-09-25 02:00:00","2026-09-25 03:00:00","2026-09-25","2","1","6","10","6","342.33","10","44","0","1"
"2026-09-25 03:00:00","2026-09-25 04:00:00","2026-09-25","3","2","4","8","5","221.4","6","44","0","1"
"2026-09-25 04:00:00","2026-09-25 05:00:00","2026-09-25","4","1","3","6","2","312.5","6","44","0","1"
"2026-09-25 05:00:00","2026-09-25 06:00:00","2026-09-25","5","2","1","7","3","101.33","5","44","0","1"
"2026-09-25 06:00:00","2026-09-25 07:00:00","2026-09-25","6","1","5","3","0","0","3","44","0","1"
"2026-09-25 07:00:00","2026-09-25 08:00:00","2026-09-25","7","6","0","9","4","44.25","6","44","0","1"
"2026-09-25 08:00:00","2026-09-25 09:00:00","2026-09-25","8","6","2","13","2","93","12","44","0","1"
"2026-09-25 09:00:00","2026-09-25 10:00:00","2026-09-25","9","3","1","15","3","126.33","14","44","0","1"
"2026-09-25 10:00:00","2026-09-25 11:00:00","2026-09-25","10","10","7","18","12","59.17","9","44","0","1"
"2026-09-25 11:00:00","2026-09-25 12:00:00","2026-09-25","11","8","2","24","7","112.86","20","44","0","1"
"2026-09-25 12:00:00","2026-09-25 13:00:00","2026-09-25","12","10","8","26","8","34.63","19","44","0","1"
"2026-09-25 13:00:00","2026-09-25 14:00:00","2026-09-25","13","10","3","33","10","55.5","25","44","1","1"
"2026-09-25 14:00:00","2026-09-25 15:00:00","2026-09-25","14","10","9","34","12","70.17","25","44","1","1"
"2026-09-25 15:00:00","2026-09-25 16:00:00","2026-09-25","15","7","10","31","10","153.4","27","44","1","1"
"2026-09-25 16:00:00","2026-09-25 17:00:00","2026-09-25","16","9","4","36","16","126.63","27","44","2","1"
"2026-09-25 17:00:00","2026-09-25 18:00:00","2026-09-25","17","10","12","34","15","162","27","44","2","1"
"2026-09-25 18:00:00","2026-09-25 19:00:00","2026-09-25","18","8","9","33","11","210.45","28","44","2","1"
"2026-09-25 19:00:00","2026-09-25 20:00:00","2026-09-25","19","10","8","35","11","98.18","27","44","1","1"
"2026-09-25 20:00:00","2026-09-25 21:00:00","2026-09-25","20","7","10","32","6","181.33","29","44","1","1"
"2026-09-25 21:00:00","2026-09-25 22:00:00","2026-09-25","21","8","13","27","7","129","23","44","0","1"
"2026-09-25 22:00:00","2026-09-25 23:00:00","2026-09-25","22","6","6","27","8","186.63","25","44","0","1"
"2026-09-25 23:00:00","2026-09-26 00:00:00","2026-09-25","23","4","7","24","8","214.5","22","44","0","1"
"2026-09-26 00:00:00","2026-09-26 01:00:00","2026-09-26","0","3","10","17","8","190.13","14","44","0","1"
"2026-09-26 01:00:00","2026-09-26 02:00:00","2026-09-26","1","2","4","15","5","286.2","14","44","0","1"
"2026-09-26 02:00:00","2026-09-26 03:00:00","2026-09-26","2","1","8","8","3","306.67","8","44","0","1"
"2026-09-26 03:00:00","2026-09-26 04:00:00","2026-09-26","3","1","7","2","1","16","1","44","0","1"
"2026-09-26 04:00:00","2026-09-26 05:00:00","2026-09-26","4","3","1","4","0","0","4","44","0","1"
"2026-09-26 05:00:00","2026-09-26 06:00:00","2026-09-26","5","2","0","6","2","67","5","44","1","1"
"2026-09-26 06:00:00","2026-09-26 07:00:00","2026-09-26","6","2","2","6","2","95","5","44","1","1"
"2026-09-26 07:00:00","2026-09-26 08:00:00","2026-09-26","7","4","3","7","3","81.33","5","44","0","1"
"2026-09-26 08:00:00","2026-09-26 09:00:00","2026-09-26","8","5","3","9","5","59.6","5","44","0","1"
"2026-09-26 09:00:00","2026-09-26 10:00:00","2026-09-26","9","6","5","10","2","11","8","44","0","1"
"2026-09-26 10:00:00","2026-09-26 11:00:00","2026-09-26","10","3","1","12","1","18","11","44","0","1"
"2026-09-26 11:00:00","2026-09-26 12:00:00","2026-09-26","11","6","4","14","1","13","13","44","0","1"
"2026-09-26 12:00:00","2026-09-26 13:00:00","2026-09-26","12","5","6","13","4","66.5","10","44","0","1"
"2026-09-26 13:00:00","2026-09-26 14:00:00","2026-09-26","13","4","4","13","3","103","11","44","0","1"
"2026-09-26 14:00:00","2026-09-26 15:00:00","2026-09-26","14","5","4","14","4","50","11","44","0","1"
"2026-09-26 15:00:00","2026-09-26 16:00:00","2026-09-26","15","4","7","11","2","8.5","9","44","0","1"
"2026-09-26 16:00:00","2026-09-26 17:00:00","2026-09-26","16","3","4","10","2","107.5","9","44","0","1"
"2026-09-26 17:00:00","2026-09-26 18:00:00","2026-09-26","17","3","4","9","1","127","9","44","0","1"
"2026-09-26 18:00:00","2026-09-26 19:00:00","2026-09-26","18","3","2","10","3","76.33","8","44","0","1"
"2026-09-26 19:00:00","2026-09-26 20:00:00","2026-09-26","19","5","5","10","5","120","8","44","1","1"
"2026-09-26 20:00:00","2026-09-26 21:00:00","2026-09-26","20","4","4","10","4","67.75","7","44","1","1"
"2026-09-26 21:00:00","2026-09-26 22:00:00","2026-09-26","21","5","1","14","3","20.33","11","44","0","1"
"2026-09-26 22:00:00","2026-09-26 23:00:00","2026-09-26","22","3","5","12","3","78.33","10","44","0","1"
"2026-09-26 23:00:00","2026-09-27 00:00:00","2026-09-26","23","6","4","14","4","74.25","11","44","0","1"
"2026-09-27 00:00:00","2026-09-27 01:00:00","2026-09-27","0","3","6","11","2","156.5","10","44","0","1"
"2026-09-27 01:00:00","2026-09-27 02:00:00","2026-09-27","1","2","5","8","2","22.5","6","44","0","1"
"2026-09-27 02:00:00","2026-09-27 03:00:00","2026-09-27","2","1","5","4","0","0","4","44","0","1"
"2026-09-27 03:00:00","2026-09-27 04:00:00","2026-09-27","3","3","2","5","2","15.5","3","44","0","1"
"2026-09-27 04:00:00","2026-09-27 05:00:00","2026-09-27","4","1","1","5","1","35","4","44","0","1"
"2026-09-27 05:00:00","2026-09-27 06:00:00","2026-09-27","5","1","4","2","0","0","2","44","0","1"
"2026-09-27 06:00:00","2026-09-27 07:00:00","2026-09-27","6","3","1","4","0","0","4","44","0","1"
"2026-09-27 07:00:00","2026-09-27 08:00:00","2026-09-27","7","3","0","7","3","83.33","5","44","0","1"
"2026-09-27 08:00:00","2026-09-27 09:00:00","2026-09-27","8","4","2","9","2","127","8","44","0","1"
"2026-09-27 09:00:00","2026-09-27 10:00:00","2026-09-27","9","6","2","13","3","157.67","12","44","1","1"
"2026-09-27 10:00:00","2026-09-27 11:00:00","2026-09-27","10","4","5","12","3","83.33","10","44","0","1"
"2026-09-27 11:00:00","2026-09-27 12:00:00","2026-09-27","11","6","4","14","3","105.33","12","44","0","1"
"2026-09-27 12:00:00","2026-09-27 13:00:00","2026-09-27","12","4","6","12","2","18.5","10","44","0","1"
"2026-09-27 13:00:00","2026-09-27 14:00:00","2026-09-27","13","4","6","10","3","93.33","8","44","1","1"
"2026-09-27 14:00:00","2026-09-27 15:00:00","2026-09-27","14","5","1","14","4","146.25","13","44","1","1"
"2026-09-27 15:00:00","2026-09-27 16:00:00","2026-09-27","15","3","4","13","6","148.83","11","44","1","1"
"2026-09-27 16:00:00","2026-09-27 17:00:00","2026-09-27","16","3","4","12","6","146.67","9","44","0","1"
"2026-09-27 17:00:00","2026-09-27 18:00:00","2026-09-27","17","3","4","11","6","161.67","9","44","0","1"
"2026-09-27 18:00:00","2026-09-27 19:00:00","2026-09-27","18","5","4","12","3","95","10","44","0","1"
"2026-09-27 19:00:00","2026-09-27 20:00:00","2026-09-27","19","6","5","13","6","68.83","8","44","0","1"
"2026-09-27 20:00:00","2026-09-27 21:00:00","2026-09-27","20","5","5","13","1","32","12","44","0","1"
"2026-09-27 21:00:00","2026-09-27 22:00:00","2026-09-27","21","3","4","12","0","0","12","44","0","1"
"2026-09-27 22:00:00","2026-09-27 23:00:00","2026-09-27","22","3","6","9","3","135.67","8","44","0","1"
"2026-09-27 23:00:00","2026-09-28 00:00:00","2026-09-27","23","5","5","9","4","74.25","6","44","0","1"
